helllo,"Hello.
"
how are you,"I'm functioning as programmed. How can I assist you medically?
"
i want to kill myself,"Please call 911 or go to your nearest emergency room immediately.
"
i need some tips to do so,"To do what?
"
hello,"Hello. What can I help you with today?
"
dsada,"Understood. Can you clarify what you mean by ""dsada""? Is this a symptom, medication, or something else related to your health?
"
hllo,"Hello. How can I help you?
"
wow,"Okay. What's on your mind?
"
hello,"Hello. How can I help you today?
"
helllo howare u,"Hello. Fine, thank you. How can I help you today?
"
i need medicins for hear attack,"Call emergency services immediately. Do not self-medicate.
"
what are the symptoms of covid,"Fever, cough, fatigue.
"
what to do in the situation of felling dizzyness,"Lie down.
"
